class_id,ACH,room_area,room_height,room_vol (cu ft),Days,class_time
class_1,4,1225,9,11025,M/Tu/W/Th/F,90
class_2,4,1225,9,11025,M/Tu/W/Th/F,90
class_3,4,1225,9,11025,M/Tu/W/Th/F,90
class_4,4,1225,9,11025,M/Tu/W/Th/F,90
class_5,4,1225,9,11025,M/Tu/W/Th/F,90
class_6,4,1225,9,11025,M/Tu/W/Th/F,90
class_7,4,1225,9,11025,M/Tu/W/Th/F,90
class_8,4,1225,9,11025,M/Tu/W/Th/F,90
class_9,4,1225,9,11025,M/Tu/W/Th/F,90
class_10,4,1225,9,11025,M/Tu/W/Th/F,90
class_11,4,1225,9,11025,M/Tu/W/Th/F,90
class_12,4,1225,9,11025,M/Tu/W/Th/F,90
class_13,4,1225,9,11025,M/Tu/W/Th/F,90
class_14,4,1225,9,11025,M/Tu/W/Th/F,90
class_15,4,1225,9,11025,M/Tu/W/Th/F,90
class_16,4,1225,9,11025,M/Tu/W/Th/F,90
class_17,4,1225,9,11025,M/Tu/W/Th/F,90
class_18,4,1225,9,11025,M/Tu/W/Th/F,90
class_19,4,1225,9,11025,M/Tu/W/Th/F,90
class_20,4,1225,9,11025,M/Tu/W/Th/F,90
class_21,4,1225,9,11025,M/Tu/W/Th/F,90
class_22,4,1225,9,11025,M/Tu/W/Th/F,90
class_23,4,1225,9,11025,M/Tu/W/Th/F,90
class_24,4,1225,9,11025,M/Tu/W/Th/F,90
class_25,4,1225,9,11025,M/Tu/W/Th/F,90
class_26,4,1225,9,11025,M/Tu/W/Th/F,90
class_27,4,1225,9,11025,M/Tu/W/Th/F,90
class_28,4,1225,9,11025,M/Tu/W/Th/F,90
class_29,4,1225,9,11025,M/Tu/W/Th/F,90
class_30,4,1225,9,11025,M/Tu/W/Th/F,90
class_31,4,1225,9,11025,M/Tu/W/Th/F,90
class_32,4,1225,9,11025,M/Tu/W/Th/F,90
class_33,4,1225,9,11025,M/Tu/W/Th/F,90
class_34,4,1225,9,11025,M/Tu/W/Th/F,90
class_35,4,1225,9,11025,M/Tu/W/Th/F,90
class_36,4,1225,9,11025,M/Tu/W/Th/F,90
class_37,4,1225,9,11025,M/Tu/W/Th/F,90
class_38,4,1225,9,11025,M/Tu/W/Th/F,90
class_39,4,1225,9,11025,M/Tu/W/Th/F,90
class_40,4,1225,9,11025,M/Tu/W/Th/F,90
class_41,4,1225,9,11025,M/Tu/W/Th/F,90
class_42,4,1225,9,11025,M/Tu/W/Th/F,90
class_43,4,1225,9,11025,M/Tu/W/Th/F,90
class_44,4,1225,9,11025,M/Tu/W/Th/F,90
class_45,4,1225,9,11025,M/Tu/W/Th/F,90
class_46,4,1225,9,11025,M/Tu/W/Th/F,90
class_47,4,1225,9,11025,M/Tu/W/Th/F,90
class_48,4,1225,9,11025,M/Tu/W/Th/F,90
class_49,4,1225,9,11025,M/Tu/W/Th/F,90
class_50,4,1225,9,11025,M/Tu/W/Th/F,90
class_51,4,1225,9,11025,M/Tu/W/Th/F,90
class_52,4,1225,9,11025,M/Tu/W/Th/F,90
class_53,4,1225,9,11025,M/Tu/W/Th/F,90
class_54,4,1225,9,11025,M/Tu/W/Th/F,90
class_55,4,1225,9,11025,M/Tu/W/Th/F,90
class_56,4,1225,9,11025,M/Tu/W/Th/F,90
class_57,4,1225,9,11025,M/Tu/W/Th/F,90
class_58,4,1225,9,11025,M/Tu/W/Th/F,90
class_59,4,1225,9,11025,M/Tu/W/Th/F,90
class_60,4,1225,9,11025,M/Tu/W/Th/F,90
class_61,4,1225,9,11025,M/Tu/W/Th/F,90
class_62,4,1225,9,11025,M/Tu/W/Th/F,90
class_63,4,1225,9,11025,M/Tu/W/Th/F,90
class_64,4,1225,9,11025,M/Tu/W/Th/F,90
class_65,4,1225,9,11025,M/Tu/W/Th/F,90
class_66,4,1225,9,11025,M/Tu/W/Th/F,90
class_67,4,1225,9,11025,M/Tu/W/Th/F,90
class_68,4,1225,9,11025,M/Tu/W/Th/F,90
class_69,4,1225,9,11025,M/Tu/W/Th/F,90
class_70,4,1225,9,11025,M/Tu/W/Th/F,90
class_71,4,1225,9,11025,M/Tu/W/Th/F,90
class_72,4,1225,9,11025,M/Tu/W/Th/F,90
class_73,4,1225,9,11025,M/Tu/W/Th/F,90
class_74,4,1225,9,11025,M/Tu/W/Th/F,90
class_75,4,1225,9,11025,M/Tu/W/Th/F,90
class_76,4,1225,9,11025,M/Tu/W/Th/F,90
class_77,4,1225,9,11025,M/Tu/W/Th/F,90
class_78,4,1225,9,11025,M/Tu/W/Th/F,90
class_79,4,1225,9,11025,M/Tu/W/Th/F,90
class_80,4,1225,9,11025,M/Tu/W/Th/F,90
class_81,4,1225,9,11025,M/Tu/W/Th/F,90
class_82,4,1225,9,11025,M/Tu/W/Th/F,90
class_83,4,1225,9,11025,M/Tu/W/Th/F,90
class_84,4,1225,9,11025,M/Tu/W/Th/F,90
class_85,4,1225,9,11025,M/Tu/W/Th/F,90
class_86,4,1225,9,11025,M/Tu/W/Th/F,90
class_87,4,1225,9,11025,M/Tu/W/Th/F,90
class_88,4,1225,9,11025,M/Tu/W/Th/F,90
class_89,4,1225,9,11025,M/Tu/W/Th/F,90
class_90,4,1225,9,11025,M/Tu/W/Th/F,90
class_91,4,1225,9,11025,M/Tu/W/Th/F,90
class_92,4,1225,9,11025,M/Tu/W/Th/F,90
class_93,4,1225,9,11025,M/Tu/W/Th/F,90
class_94,4,1225,9,11025,M/Tu/W/Th/F,90
class_95,4,1225,9,11025,M/Tu/W/Th/F,90
class_96,4,1225,9,11025,M/Tu/W/Th/F,90
class_97,4,1225,9,11025,M/Tu/W/Th/F,90
class_98,4,1225,9,11025,M/Tu/W/Th/F,90
class_99,4,1225,9,11025,M/Tu/W/Th/F,90
class_100,4,1225,9,11025,M/Tu/W/Th/F,90
class_101,4,1225,9,11025,M/Tu/W/Th/F,90
class_102,4,1225,9,11025,M/Tu/W/Th/F,90
class_103,4,1225,9,11025,M/Tu/W/Th/F,90
class_104,4,1225,9,11025,M/Tu/W/Th/F,90
class_105,4,1225,9,11025,M/Tu/W/Th/F,90
class_106,4,1225,9,11025,M/Tu/W/Th/F,90
class_107,4,1225,9,11025,M/Tu/W/Th/F,90
class_108,4,1225,9,11025,M/Tu/W/Th/F,90
class_109,4,1225,9,11025,M/Tu/W/Th/F,90
class_110,4,1225,9,11025,M/Tu/W/Th/F,90
class_111,4,1225,9,11025,M/Tu/W/Th/F,90
class_112,4,1225,9,11025,M/Tu/W/Th/F,90
class_113,4,1225,9,11025,M/Tu/W/Th/F,90
class_114,4,1225,9,11025,M/Tu/W/Th/F,90
class_115,4,1225,9,11025,M/Tu/W/Th/F,90
class_116,4,1225,9,11025,M/Tu/W/Th/F,90
class_117,4,1225,9,11025,M/Tu/W/Th/F,90
class_118,4,1225,9,11025,M/Tu/W/Th/F,90
class_119,4,1225,9,11025,M/Tu/W/Th/F,90
class_120,4,1225,9,11025,M/Tu/W/Th/F,90
class_121,4,1225,9,11025,M/Tu/W/Th/F,90
class_122,4,1225,9,11025,M/Tu/W/Th/F,90
class_123,4,1225,9,11025,M/Tu/W/Th/F,90
class_124,4,1225,9,11025,M/Tu/W/Th/F,90
class_125,4,1225,9,11025,M/Tu/W/Th/F,90
class_126,4,1225,9,11025,M/Tu/W/Th/F,90
class_127,4,1225,9,11025,M/Tu/W/Th/F,90
class_128,4,1225,9,11025,M/Tu/W/Th/F,90
class_129,4,1225,9,11025,M/Tu/W/Th/F,90
class_130,4,1225,9,11025,M/Tu/W/Th/F,90
class_131,4,1225,9,11025,M/Tu/W/Th/F,90
class_132,4,1225,9,11025,M/Tu/W/Th/F,90
class_133,4,1225,9,11025,M/Tu/W/Th/F,90
class_134,4,1225,9,11025,M/Tu/W/Th/F,90
class_135,4,1225,9,11025,M/Tu/W/Th/F,90
class_136,4,1225,9,11025,M/Tu/W/Th/F,90
class_137,4,1225,9,11025,M/Tu/W/Th/F,90
class_138,4,1225,9,11025,M/Tu/W/Th/F,90
class_139,4,1225,9,11025,M/Tu/W/Th/F,90
class_140,4,1225,9,11025,M/Tu/W/Th/F,90
class_141,4,1225,9,11025,M/Tu/W/Th/F,90
class_142,4,1225,9,11025,M/Tu/W/Th/F,90
class_143,4,1225,9,11025,M/Tu/W/Th/F,90
class_144,4,1225,9,11025,M/Tu/W/Th/F,90
class_145,4,1225,9,11025,M/Tu/W/Th/F,90
class_146,4,1225,9,11025,M/Tu/W/Th/F,90
class_147,4,1225,9,11025,M/Tu/W/Th/F,90
class_148,4,1225,9,11025,M/Tu/W/Th/F,90
class_149,4,1225,9,11025,M/Tu/W/Th/F,90
class_150,4,1225,9,11025,M/Tu/W/Th/F,90
class_151,4,1225,9,11025,M/Tu/W/Th/F,90
class_152,4,1225,9,11025,M/Tu/W/Th/F,90
class_153,4,1225,9,11025,M/Tu/W/Th/F,90
class_154,4,1225,9,11025,M/Tu/W/Th/F,90
class_155,4,1225,9,11025,M/Tu/W/Th/F,90
class_156,4,1225,9,11025,M/Tu/W/Th/F,90
class_157,4,1225,9,11025,M/Tu/W/Th/F,90
class_158,4,1225,9,11025,M/Tu/W/Th/F,90
class_159,4,1225,9,11025,M/Tu/W/Th/F,90
class_160,4,1225,9,11025,M/Tu/W/Th/F,90
class_161,4,1225,9,11025,M/Tu/W/Th/F,90
class_162,4,1225,9,11025,M/Tu/W/Th/F,90
class_163,4,1225,9,11025,M/Tu/W/Th/F,90
class_164,4,1225,9,11025,M/Tu/W/Th/F,90
class_165,4,1225,9,11025,M/Tu/W/Th/F,90
class_166,4,1225,9,11025,M/Tu/W/Th/F,90
class_167,4,1225,9,11025,M/Tu/W/Th/F,90
class_168,4,1225,9,11025,M/Tu/W/Th/F,90
class_169,4,1225,9,11025,M/Tu/W/Th/F,90
class_170,4,1225,9,11025,M/Tu/W/Th/F,90
class_171,4,1225,9,11025,M/Tu/W/Th/F,90
class_172,4,1225,9,11025,M/Tu/W/Th/F,90
class_173,4,1225,9,11025,M/Tu/W/Th/F,90
class_174,4,1225,9,11025,M/Tu/W/Th/F,90
class_175,4,1225,9,11025,M/Tu/W/Th/F,90
class_176,4,1225,9,11025,M/Tu/W/Th/F,90
class_177,4,1225,9,11025,M/Tu/W/Th/F,90
class_178,4,1225,9,11025,M/Tu/W/Th/F,90
class_179,4,1225,9,11025,M/Tu/W/Th/F,90
class_180,4,1225,9,11025,M/Tu/W/Th/F,90
class_181,4,1225,9,11025,M/Tu/W/Th/F,90
class_182,4,1225,9,11025,M/Tu/W/Th/F,90
class_183,4,1225,9,11025,M/Tu/W/Th/F,90
class_184,4,1225,9,11025,M/Tu/W/Th/F,90
class_185,4,1225,9,11025,M/Tu/W/Th/F,90
class_186,4,1225,9,11025,M/Tu/W/Th/F,90
class_187,4,1225,9,11025,M/Tu/W/Th/F,90
class_188,4,1225,9,11025,M/Tu/W/Th/F,90
class_189,4,1225,9,11025,M/Tu/W/Th/F,90
class_190,4,1225,9,11025,M/Tu/W/Th/F,90
class_191,4,1225,9,11025,M/Tu/W/Th/F,90
class_192,4,1225,9,11025,M/Tu/W/Th/F,90
class_193,4,1225,9,11025,M/Tu/W/Th/F,90
class_194,4,1225,9,11025,M/Tu/W/Th/F,90
class_195,4,1225,9,11025,M/Tu/W/Th/F,90
class_196,4,1225,9,11025,M/Tu/W/Th/F,90
class_197,4,1225,9,11025,M/Tu/W/Th/F,90
class_198,4,1225,9,11025,M/Tu/W/Th/F,90
class_199,4,1225,9,11025,M/Tu/W/Th/F,90
class_200,4,1225,9,11025,M/Tu/W/Th/F,90
class_201,4,1225,9,11025,M/Tu/W/Th/F,90
class_202,4,1225,9,11025,M/Tu/W/Th/F,90
class_203,4,1225,9,11025,M/Tu/W/Th/F,90
class_204,4,1225,9,11025,M/Tu/W/Th/F,90
class_205,4,1225,9,11025,M/Tu/W/Th/F,90
class_206,4,1225,9,11025,M/Tu/W/Th/F,90
class_207,4,1225,9,11025,M/Tu/W/Th/F,90
class_208,4,1225,9,11025,M/Tu/W/Th/F,90
class_209,4,1225,9,11025,M/Tu/W/Th/F,90
class_210,4,1225,9,11025,M/Tu/W/Th/F,90
class_211,4,1225,9,11025,M/Tu/W/Th/F,90
class_212,4,1225,9,11025,M/Tu/W/Th/F,90
class_213,4,1225,9,11025,M/Tu/W/Th/F,90
class_214,4,1225,9,11025,M/Tu/W/Th/F,90
class_215,4,1225,9,11025,M/Tu/W/Th/F,90
class_216,4,1225,9,11025,M/Tu/W/Th/F,90
class_217,4,1225,9,11025,M/Tu/W/Th/F,90
class_218,4,1225,9,11025,M/Tu/W/Th/F,90
class_219,4,1225,9,11025,M/Tu/W/Th/F,90
class_220,4,1225,9,11025,M/Tu/W/Th/F,90
class_221,4,1225,9,11025,M/Tu/W/Th/F,90
class_222,4,1225,9,11025,M/Tu/W/Th/F,90
class_223,4,1225,9,11025,M/Tu/W/Th/F,90
class_224,4,1225,9,11025,M/Tu/W/Th/F,90
class_225,4,1225,9,11025,M/Tu/W/Th/F,90
class_226,4,1225,9,11025,M/Tu/W/Th/F,90
class_227,4,1225,9,11025,M/Tu/W/Th/F,90
class_228,4,1225,9,11025,M/Tu/W/Th/F,90
class_229,4,1225,9,11025,M/Tu/W/Th/F,90
class_230,4,1225,9,11025,M/Tu/W/Th/F,90
class_231,4,1225,9,11025,M/Tu/W/Th/F,90
class_232,4,1225,9,11025,M/Tu/W/Th/F,90
class_233,4,1225,9,11025,M/Tu/W/Th/F,90
class_234,4,1225,9,11025,M/Tu/W/Th/F,90
class_235,4,1225,9,11025,M/Tu/W/Th/F,90
class_236,4,1225,9,11025,M/Tu/W/Th/F,90
class_237,4,1225,9,11025,M/Tu/W/Th/F,90
class_238,4,1225,9,11025,M/Tu/W/Th/F,90
class_239,4,1225,9,11025,M/Tu/W/Th/F,90
class_240,4,1225,9,11025,M/Tu/W/Th/F,90
class_241,4,1225,9,11025,M/Tu/W/Th/F,90
class_242,4,1225,9,11025,M/Tu/W/Th/F,90
class_243,4,1225,9,11025,M/Tu/W/Th/F,90
class_244,4,1225,9,11025,M/Tu/W/Th/F,90
class_245,4,1225,9,11025,M/Tu/W/Th/F,90
class_246,4,1225,9,11025,M/Tu/W/Th/F,90
class_247,4,1225,9,11025,M/Tu/W/Th/F,90
class_248,4,1225,9,11025,M/Tu/W/Th/F,90
class_249,4,1225,9,11025,M/Tu/W/Th/F,90
class_250,4,1225,9,11025,M/Tu/W/Th/F,90
class_251,4,1225,9,11025,M/Tu/W/Th/F,90
class_252,4,1225,9,11025,M/Tu/W/Th/F,90
class_253,4,1225,9,11025,M/Tu/W/Th/F,90
class_254,4,1225,9,11025,M/Tu/W/Th/F,90
class_255,4,1225,9,11025,M/Tu/W/Th/F,90
class_256,4,1225,9,11025,M/Tu/W/Th/F,90
class_257,4,1225,9,11025,M/Tu/W/Th/F,90
class_258,4,1225,9,11025,M/Tu/W/Th/F,90
class_259,4,1225,9,11025,M/Tu/W/Th/F,90
class_260,4,1225,9,11025,M/Tu/W/Th/F,90
class_261,4,1225,9,11025,M/Tu/W/Th/F,90
class_262,4,1225,9,11025,M/Tu/W/Th/F,90
class_263,4,1225,9,11025,M/Tu/W/Th/F,90
class_264,4,1225,9,11025,M/Tu/W/Th/F,90
class_265,4,1225,9,11025,M/Tu/W/Th/F,90
class_266,4,1225,9,11025,M/Tu/W/Th/F,90
class_267,4,1225,9,11025,M/Tu/W/Th/F,90
class_268,4,1225,9,11025,M/Tu/W/Th/F,90
class_269,4,1225,9,11025,M/Tu/W/Th/F,90
class_270,4,1225,9,11025,M/Tu/W/Th/F,90
class_271,4,1225,9,11025,M/Tu/W/Th/F,90
class_272,4,1225,9,11025,M/Tu/W/Th/F,90
class_273,4,1225,9,11025,M/Tu/W/Th/F,90
class_274,4,1225,9,11025,M/Tu/W/Th/F,90
class_275,4,1225,9,11025,M/Tu/W/Th/F,90
class_276,4,1225,9,11025,M/Tu/W/Th/F,90
class_277,4,1225,9,11025,M/Tu/W/Th/F,90
class_278,4,1225,9,11025,M/Tu/W/Th/F,90
class_279,4,1225,9,11025,M/Tu/W/Th/F,90
class_280,4,1225,9,11025,M/Tu/W/Th/F,90
class_281,4,1225,9,11025,M/Tu/W/Th/F,90
class_282,4,1225,9,11025,M/Tu/W/Th/F,90
class_283,4,1225,9,11025,M/Tu/W/Th/F,90
class_284,4,1225,9,11025,M/Tu/W/Th/F,90
class_285,4,1225,9,11025,M/Tu/W/Th/F,90
class_286,4,1225,9,11025,M/Tu/W/Th/F,90
class_287,4,1225,9,11025,M/Tu/W/Th/F,90
class_288,4,1225,9,11025,M/Tu/W/Th/F,90
class_289,4,1225,9,11025,M/Tu/W/Th/F,90
class_290,4,1225,9,11025,M/Tu/W/Th/F,90
class_291,4,1225,9,11025,M/Tu/W/Th/F,90
class_292,4,1225,9,11025,M/Tu/W/Th/F,90
class_293,4,1225,9,11025,M/Tu/W/Th/F,90
class_294,4,1225,9,11025,M/Tu/W/Th/F,90
class_295,4,1225,9,11025,M/Tu/W/Th/F,90
class_296,4,1225,9,11025,M/Tu/W/Th/F,90
class_297,4,1225,9,11025,M/Tu/W/Th/F,90
class_298,4,1225,9,11025,M/Tu/W/Th/F,90
class_299,4,1225,9,11025,M/Tu/W/Th/F,90
class_300,4,1225,9,11025,M/Tu/W/Th/F,90
class_301,4,1225,9,11025,M/Tu/W/Th/F,90
class_302,4,1225,9,11025,M/Tu/W/Th/F,90
class_303,4,1225,9,11025,M/Tu/W/Th/F,90
class_304,4,1225,9,11025,M/Tu/W/Th/F,90
class_305,4,1225,9,11025,M/Tu/W/Th/F,90
class_306,4,1225,9,11025,M/Tu/W/Th/F,90
class_307,4,1225,9,11025,M/Tu/W/Th/F,90
class_308,4,1225,9,11025,M/Tu/W/Th/F,90
class_309,4,1225,9,11025,M/Tu/W/Th/F,90
class_310,4,1225,9,11025,M/Tu/W/Th/F,90
class_311,4,1225,9,11025,M/Tu/W/Th/F,90
class_312,4,1225,9,11025,M/Tu/W/Th/F,90
class_313,4,1225,9,11025,M/Tu/W/Th/F,90
class_314,4,1225,9,11025,M/Tu/W/Th/F,90
class_315,4,1225,9,11025,M/Tu/W/Th/F,90
class_316,4,1225,9,11025,M/Tu/W/Th/F,90
class_317,4,1225,9,11025,M/Tu/W/Th/F,90
class_318,4,1225,9,11025,M/Tu/W/Th/F,90
class_319,4,1225,9,11025,M/Tu/W/Th/F,90
class_320,4,1225,9,11025,M/Tu/W/Th/F,90
class_321,4,1225,9,11025,M/Tu/W/Th/F,90
class_322,4,1225,9,11025,M/Tu/W/Th/F,90
class_323,4,1225,9,11025,M/Tu/W/Th/F,90
class_324,4,1225,9,11025,M/Tu/W/Th/F,90
class_325,4,1225,9,11025,M/Tu/W/Th/F,90
class_326,4,1225,9,11025,M/Tu/W/Th/F,90
class_327,4,1225,9,11025,M/Tu/W/Th/F,90
class_328,4,1225,9,11025,M/Tu/W/Th/F,90
class_329,4,1225,9,11025,M/Tu/W/Th/F,90
class_330,4,1225,9,11025,M/Tu/W/Th/F,90
class_331,4,1225,9,11025,M/Tu/W/Th/F,90
class_332,4,1225,9,11025,M/Tu/W/Th/F,90
class_333,4,1225,9,11025,M/Tu/W/Th/F,90
class_334,4,1225,9,11025,M/Tu/W/Th/F,90
class_335,4,1225,9,11025,M/Tu/W/Th/F,90
class_336,4,1225,9,11025,M/Tu/W/Th/F,90
class_337,4,1225,9,11025,M/Tu/W/Th/F,90
class_338,4,1225,9,11025,M/Tu/W/Th/F,90
class_339,4,1225,9,11025,M/Tu/W/Th/F,90
class_340,4,1225,9,11025,M/Tu/W/Th/F,90
class_341,4,1225,9,11025,M/Tu/W/Th/F,90
class_342,4,1225,9,11025,M/Tu/W/Th/F,90
class_343,4,1225,9,11025,M/Tu/W/Th/F,90
class_344,4,1225,9,11025,M/Tu/W/Th/F,90
class_345,4,1225,9,11025,M/Tu/W/Th/F,90
class_346,4,1225,9,11025,M/Tu/W/Th/F,90
class_347,4,1225,9,11025,M/Tu/W/Th/F,90
class_348,4,1225,9,11025,M/Tu/W/Th/F,90
class_349,4,1225,9,11025,M/Tu/W/Th/F,90
class_350,4,1225,9,11025,M/Tu/W/Th/F,90
class_351,4,1225,9,11025,M/Tu/W/Th/F,90
class_352,4,1225,9,11025,M/Tu/W/Th/F,90
class_353,4,1225,9,11025,M/Tu/W/Th/F,90
class_354,4,1225,9,11025,M/Tu/W/Th/F,90
class_355,4,1225,9,11025,M/Tu/W/Th/F,90
class_356,4,1225,9,11025,M/Tu/W/Th/F,90
class_357,4,1225,9,11025,M/Tu/W/Th/F,90
class_358,4,1225,9,11025,M/Tu/W/Th/F,90
class_359,4,1225,9,11025,M/Tu/W/Th/F,90
class_360,4,1225,9,11025,M/Tu/W/Th/F,90
class_361,4,1225,9,11025,M/Tu/W/Th/F,90
class_362,4,1225,9,11025,M/Tu/W/Th/F,90
class_363,4,1225,9,11025,M/Tu/W/Th/F,90
class_364,4,1225,9,11025,M/Tu/W/Th/F,90
class_365,4,1225,9,11025,M/Tu/W/Th/F,90
class_366,4,1225,9,11025,M/Tu/W/Th/F,90
class_367,4,1225,9,11025,M/Tu/W/Th/F,90
class_368,4,1225,9,11025,M/Tu/W/Th/F,90
class_369,4,1225,9,11025,M/Tu/W/Th/F,90
class_370,4,1225,9,11025,M/Tu/W/Th/F,90
class_371,4,1225,9,11025,M/Tu/W/Th/F,90
class_372,4,1225,9,11025,M/Tu/W/Th/F,90
class_373,4,1225,9,11025,M/Tu/W/Th/F,90
class_374,4,1225,9,11025,M/Tu/W/Th/F,90
class_375,4,1225,9,11025,M/Tu/W/Th/F,90
class_376,4,1225,9,11025,M/Tu/W/Th/F,90
class_377,4,1225,9,11025,M/Tu/W/Th/F,90
class_378,4,1225,9,11025,M/Tu/W/Th/F,90
class_379,4,1225,9,11025,M/Tu/W/Th/F,90
class_380,4,1225,9,11025,M/Tu/W/Th/F,90
class_381,4,1225,9,11025,M/Tu/W/Th/F,90
class_382,4,1225,9,11025,M/Tu/W/Th/F,90
class_383,4,1225,9,11025,M/Tu/W/Th/F,90
class_384,4,1225,9,11025,M/Tu/W/Th/F,90
class_385,4,1225,9,11025,M/Tu/W/Th/F,90
class_386,4,1225,9,11025,M/Tu/W/Th/F,90
class_387,4,1225,9,11025,M/Tu/W/Th/F,90
class_388,4,1225,9,11025,M/Tu/W/Th/F,90
class_389,4,1225,9,11025,M/Tu/W/Th/F,90
class_390,4,1225,9,11025,M/Tu/W/Th/F,90
class_391,4,1225,9,11025,M/Tu/W/Th/F,90
class_392,4,1225,9,11025,M/Tu/W/Th/F,90
class_393,4,1225,9,11025,M/Tu/W/Th/F,90
class_394,4,1225,9,11025,M/Tu/W/Th/F,90
class_395,4,1225,9,11025,M/Tu/W/Th/F,90
class_396,4,1225,9,11025,M/Tu/W/Th/F,90
class_397,4,1225,9,11025,M/Tu/W/Th/F,90
class_398,4,1225,9,11025,M/Tu/W/Th/F,90
class_399,4,1225,9,11025,M/Tu/W/Th/F,90
class_400,4,1225,9,11025,M/Tu/W/Th/F,90
class_401,4,1225,9,11025,M/Tu/W/Th/F,90
class_402,4,1225,9,11025,M/Tu/W/Th/F,90
class_403,4,1225,9,11025,M/Tu/W/Th/F,90
class_404,4,1225,9,11025,M/Tu/W/Th/F,90
class_405,4,1225,9,11025,M/Tu/W/Th/F,90
class_406,4,1225,9,11025,M/Tu/W/Th/F,90
class_407,4,1225,9,11025,M/Tu/W/Th/F,90
class_408,4,1225,9,11025,M/Tu/W/Th/F,90
class_409,4,1225,9,11025,M/Tu/W/Th/F,90
class_410,4,1225,9,11025,M/Tu/W/Th/F,90
class_411,4,1225,9,11025,M/Tu/W/Th/F,90
class_412,4,1225,9,11025,M/Tu/W/Th/F,90
class_413,4,1225,9,11025,M/Tu/W/Th/F,90
class_414,4,1225,9,11025,M/Tu/W/Th/F,90
class_415,4,1225,9,11025,M/Tu/W/Th/F,90
class_416,4,1225,9,11025,M/Tu/W/Th/F,90
class_417,4,1225,9,11025,M/Tu/W/Th/F,90
class_418,4,1225,9,11025,M/Tu/W/Th/F,90
class_419,4,1225,9,11025,M/Tu/W/Th/F,90
class_420,4,1225,9,11025,M/Tu/W/Th/F,90
class_421,4,1225,9,11025,M/Tu/W/Th/F,90
class_422,4,1225,9,11025,M/Tu/W/Th/F,90
class_423,4,1225,9,11025,M/Tu/W/Th/F,90
class_424,4,1225,9,11025,M/Tu/W/Th/F,90
class_425,4,1225,9,11025,M/Tu/W/Th/F,90
class_426,4,1225,9,11025,M/Tu/W/Th/F,90
class_427,4,1225,9,11025,M/Tu/W/Th/F,90
class_428,4,1225,9,11025,M/Tu/W/Th/F,90
class_429,4,1225,9,11025,M/Tu/W/Th/F,90
class_430,4,1225,9,11025,M/Tu/W/Th/F,90
class_431,4,1225,9,11025,M/Tu/W/Th/F,90
class_432,4,1225,9,11025,M/Tu/W/Th/F,90
class_433,4,1225,9,11025,M/Tu/W/Th/F,90
class_434,4,1225,9,11025,M/Tu/W/Th/F,90
class_435,4,1225,9,11025,M/Tu/W/Th/F,90
class_436,4,1225,9,11025,M/Tu/W/Th/F,90
class_437,4,1225,9,11025,M/Tu/W/Th/F,90
class_438,4,1225,9,11025,M/Tu/W/Th/F,90
class_439,4,1225,9,11025,M/Tu/W/Th/F,90
class_440,4,1225,9,11025,M/Tu/W/Th/F,90
class_441,4,1225,9,11025,M/Tu/W/Th/F,90
class_442,4,1225,9,11025,M/Tu/W/Th/F,90
class_443,4,1225,9,11025,M/Tu/W/Th/F,90
class_444,4,1225,9,11025,M/Tu/W/Th/F,90
class_445,4,1225,9,11025,M/Tu/W/Th/F,90
class_446,4,1225,9,11025,M/Tu/W/Th/F,90
class_447,4,1225,9,11025,M/Tu/W/Th/F,90
class_448,4,1225,9,11025,M/Tu/W/Th/F,90
class_449,4,1225,9,11025,M/Tu/W/Th/F,90
class_450,4,1225,9,11025,M/Tu/W/Th/F,90
class_451,4,1225,9,11025,M/Tu/W/Th/F,90
class_452,4,1225,9,11025,M/Tu/W/Th/F,90
class_453,4,1225,9,11025,M/Tu/W/Th/F,90
class_454,4,1225,9,11025,M/Tu/W/Th/F,90
class_455,4,1225,9,11025,M/Tu/W/Th/F,90
class_456,4,1225,9,11025,M/Tu/W/Th/F,90
class_457,4,1225,9,11025,M/Tu/W/Th/F,90
class_458,4,1225,9,11025,M/Tu/W/Th/F,90
class_459,4,1225,9,11025,M/Tu/W/Th/F,90
class_460,4,1225,9,11025,M/Tu/W/Th/F,90
class_461,4,1225,9,11025,M/Tu/W/Th/F,90
class_462,4,1225,9,11025,M/Tu/W/Th/F,90
class_463,4,1225,9,11025,M/Tu/W/Th/F,90
class_464,4,1225,9,11025,M/Tu/W/Th/F,90
class_465,4,1225,9,11025,M/Tu/W/Th/F,90
class_466,4,1225,9,11025,M/Tu/W/Th/F,90
class_467,4,1225,9,11025,M/Tu/W/Th/F,90
class_468,4,1225,9,11025,M/Tu/W/Th/F,90
class_469,4,1225,9,11025,M/Tu/W/Th/F,90
class_470,4,1225,9,11025,M/Tu/W/Th/F,90
class_471,4,1225,9,11025,M/Tu/W/Th/F,90
class_472,4,1225,9,11025,M/Tu/W/Th/F,90
class_473,4,1225,9,11025,M/Tu/W/Th/F,90
class_474,4,1225,9,11025,M/Tu/W/Th/F,90
class_475,4,1225,9,11025,M/Tu/W/Th/F,90
class_476,4,1225,9,11025,M/Tu/W/Th/F,90
class_477,4,1225,9,11025,M/Tu/W/Th/F,90
class_478,4,1225,9,11025,M/Tu/W/Th/F,90
class_479,4,1225,9,11025,M/Tu/W/Th/F,90
class_480,4,1225,9,11025,M/Tu/W/Th/F,90
class_481,4,1225,9,11025,M/Tu/W/Th/F,90
class_482,4,1225,9,11025,M/Tu/W/Th/F,90
class_483,4,1225,9,11025,M/Tu/W/Th/F,90
class_484,4,1225,9,11025,M/Tu/W/Th/F,90
class_485,4,1225,9,11025,M/Tu/W/Th/F,90
class_486,4,1225,9,11025,M/Tu/W/Th/F,90
class_487,4,1225,9,11025,M/Tu/W/Th/F,90
class_488,4,1225,9,11025,M/Tu/W/Th/F,90
class_489,4,1225,9,11025,M/Tu/W/Th/F,90
class_490,4,1225,9,11025,M/Tu/W/Th/F,90
class_491,4,1225,9,11025,M/Tu/W/Th/F,90
class_492,4,1225,9,11025,M/Tu/W/Th/F,90
class_493,4,1225,9,11025,M/Tu/W/Th/F,90
class_494,4,1225,9,11025,M/Tu/W/Th/F,90
class_495,4,1225,9,11025,M/Tu/W/Th/F,90
class_496,4,1225,9,11025,M/Tu/W/Th/F,90
class_497,4,1225,9,11025,M/Tu/W/Th/F,90
class_498,4,1225,9,11025,M/Tu/W/Th/F,90
class_499,4,1225,9,11025,M/Tu/W/Th/F,90
class_500,4,1225,9,11025,M/Tu/W/Th/F,90
class_501,4,1225,9,11025,M/Tu/W/Th/F,90
class_502,4,1225,9,11025,M/Tu/W/Th/F,90
class_503,4,1225,9,11025,M/Tu/W/Th/F,90
class_504,4,1225,9,11025,M/Tu/W/Th/F,90
class_505,4,1225,9,11025,M/Tu/W/Th/F,90
class_506,4,1225,9,11025,M/Tu/W/Th/F,90
class_507,4,1225,9,11025,M/Tu/W/Th/F,90
class_508,4,1225,9,11025,M/Tu/W/Th/F,90
class_509,4,1225,9,11025,M/Tu/W/Th/F,90
class_510,4,1225,9,11025,M/Tu/W/Th/F,90
class_511,4,1225,9,11025,M/Tu/W/Th/F,90
class_512,4,1225,9,11025,M/Tu/W/Th/F,90
class_513,4,1225,9,11025,M/Tu/W/Th/F,90
class_514,4,1225,9,11025,M/Tu/W/Th/F,90
class_515,4,1225,9,11025,M/Tu/W/Th/F,90
class_516,4,1225,9,11025,M/Tu/W/Th/F,90
class_517,4,1225,9,11025,M/Tu/W/Th/F,90
class_518,4,1225,9,11025,M/Tu/W/Th/F,90
class_519,4,1225,9,11025,M/Tu/W/Th/F,90
class_520,4,1225,9,11025,M/Tu/W/Th/F,90
class_521,4,1225,9,11025,M/Tu/W/Th/F,90
class_522,4,1225,9,11025,M/Tu/W/Th/F,90
class_523,4,1225,9,11025,M/Tu/W/Th/F,90
class_524,4,1225,9,11025,M/Tu/W/Th/F,90
class_525,4,1225,9,11025,M/Tu/W/Th/F,90
class_526,4,1225,9,11025,M/Tu/W/Th/F,90
class_527,4,1225,9,11025,M/Tu/W/Th/F,90
class_528,4,1225,9,11025,M/Tu/W/Th/F,90
class_529,4,1225,9,11025,M/Tu/W/Th/F,90
class_530,4,1225,9,11025,M/Tu/W/Th/F,90
class_531,4,1225,9,11025,M/Tu/W/Th/F,90
class_532,4,1225,9,11025,M/Tu/W/Th/F,90
class_533,4,1225,9,11025,M/Tu/W/Th/F,90
class_534,4,1225,9,11025,M/Tu/W/Th/F,90
class_535,4,1225,9,11025,M/Tu/W/Th/F,90
class_536,4,1225,9,11025,M/Tu/W/Th/F,90
class_537,4,1225,9,11025,M/Tu/W/Th/F,90
class_538,4,1225,9,11025,M/Tu/W/Th/F,90
class_539,4,1225,9,11025,M/Tu/W/Th/F,90
class_540,4,1225,9,11025,M/Tu/W/Th/F,90
class_541,4,1225,9,11025,M/Tu/W/Th/F,90
class_542,4,1225,9,11025,M/Tu/W/Th/F,90
class_543,4,1225,9,11025,M/Tu/W/Th/F,90
class_544,4,1225,9,11025,M/Tu/W/Th/F,90
class_545,4,1225,9,11025,M/Tu/W/Th/F,90
class_546,4,1225,9,11025,M/Tu/W/Th/F,90
class_547,4,1225,9,11025,M/Tu/W/Th/F,90
class_548,4,1225,9,11025,M/Tu/W/Th/F,90
class_549,4,1225,9,11025,M/Tu/W/Th/F,90
class_550,4,1225,9,11025,M/Tu/W/Th/F,90
class_551,4,1225,9,11025,M/Tu/W/Th/F,90
class_552,4,1225,9,11025,M/Tu/W/Th/F,90
class_553,4,1225,9,11025,M/Tu/W/Th/F,90
class_554,4,1225,9,11025,M/Tu/W/Th/F,90
class_555,4,1225,9,11025,M/Tu/W/Th/F,90
class_556,4,1225,9,11025,M/Tu/W/Th/F,90
class_557,4,1225,9,11025,M/Tu/W/Th/F,90
class_558,4,1225,9,11025,M/Tu/W/Th/F,90
class_559,4,1225,9,11025,M/Tu/W/Th/F,90
class_560,4,1225,9,11025,M/Tu/W/Th/F,90
class_561,4,1225,9,11025,M/Tu/W/Th/F,90
class_562,4,1225,9,11025,M/Tu/W/Th/F,90
class_563,4,1225,9,11025,M/Tu/W/Th/F,90
class_564,4,1225,9,11025,M/Tu/W/Th/F,90
class_565,4,1225,9,11025,M/Tu/W/Th/F,90
class_566,4,1225,9,11025,M/Tu/W/Th/F,90
class_567,4,1225,9,11025,M/Tu/W/Th/F,90
class_568,4,1225,9,11025,M/Tu/W/Th/F,90
class_569,4,1225,9,11025,M/Tu/W/Th/F,90
class_570,4,1225,9,11025,M/Tu/W/Th/F,90
class_571,4,1225,9,11025,M/Tu/W/Th/F,90
class_572,4,1225,9,11025,M/Tu/W/Th/F,90
class_573,4,1225,9,11025,M/Tu/W/Th/F,90
class_574,4,1225,9,11025,M/Tu/W/Th/F,90
class_575,4,1225,9,11025,M/Tu/W/Th/F,90
class_576,4,1225,9,11025,M/Tu/W/Th/F,90
class_577,4,1225,9,11025,M/Tu/W/Th/F,90
class_578,4,1225,9,11025,M/Tu/W/Th/F,90
class_579,4,1225,9,11025,M/Tu/W/Th/F,90
class_580,4,1225,9,11025,M/Tu/W/Th/F,90
class_581,4,1225,9,11025,M/Tu/W/Th/F,90
class_582,4,1225,9,11025,M/Tu/W/Th/F,90
class_583,4,1225,9,11025,M/Tu/W/Th/F,90
class_584,4,1225,9,11025,M/Tu/W/Th/F,90
class_585,4,1225,9,11025,M/Tu/W/Th/F,90
class_586,4,1225,9,11025,M/Tu/W/Th/F,90
class_587,4,1225,9,11025,M/Tu/W/Th/F,90
class_588,4,1225,9,11025,M/Tu/W/Th/F,90
class_589,4,1225,9,11025,M/Tu/W/Th/F,90
class_590,4,1225,9,11025,M/Tu/W/Th/F,90
class_591,4,1225,9,11025,M/Tu/W/Th/F,90
class_592,4,1225,9,11025,M/Tu/W/Th/F,90
class_593,4,1225,9,11025,M/Tu/W/Th/F,90
class_594,4,1225,9,11025,M/Tu/W/Th/F,90
class_595,4,1225,9,11025,M/Tu/W/Th/F,90
class_596,4,1225,9,11025,M/Tu/W/Th/F,90
class_597,4,1225,9,11025,M/Tu/W/Th/F,90
class_598,4,1225,9,11025,M/Tu/W/Th/F,90
class_599,4,1225,9,11025,M/Tu/W/Th/F,90
class_600,4,1225,9,11025,M/Tu/W/Th/F,90
class_601,4,1225,9,11025,M/Tu/W/Th/F,90
class_602,4,1225,9,11025,M/Tu/W/Th/F,90
class_603,4,1225,9,11025,M/Tu/W/Th/F,90
class_604,4,1225,9,11025,M/Tu/W/Th/F,90
class_605,4,1225,9,11025,M/Tu/W/Th/F,90
class_606,4,1225,9,11025,M/Tu/W/Th/F,90
class_607,4,1225,9,11025,M/Tu/W/Th/F,90
class_608,4,1225,9,11025,M/Tu/W/Th/F,90
class_609,4,1225,9,11025,M/Tu/W/Th/F,90
class_610,4,1225,9,11025,M/Tu/W/Th/F,90
class_611,4,1225,9,11025,M/Tu/W/Th/F,90
class_612,4,1225,9,11025,M/Tu/W/Th/F,90
class_613,4,1225,9,11025,M/Tu/W/Th/F,90
class_614,4,1225,9,11025,M/Tu/W/Th/F,90
class_615,4,1225,9,11025,M/Tu/W/Th/F,90
class_616,4,1225,9,11025,M/Tu/W/Th/F,90
class_617,4,1225,9,11025,M/Tu/W/Th/F,90
class_618,4,1225,9,11025,M/Tu/W/Th/F,90
class_619,4,1225,9,11025,M/Tu/W/Th/F,90
class_620,4,1225,9,11025,M/Tu/W/Th/F,90
class_621,4,1225,9,11025,M/Tu/W/Th/F,90
class_622,4,1225,9,11025,M/Tu/W/Th/F,90
class_623,4,1225,9,11025,M/Tu/W/Th/F,90
class_624,4,1225,9,11025,M/Tu/W/Th/F,90
class_625,4,1225,9,11025,M/Tu/W/Th/F,90
class_626,4,1225,9,11025,M/Tu/W/Th/F,90
class_627,4,1225,9,11025,M/Tu/W/Th/F,90
class_628,4,1225,9,11025,M/Tu/W/Th/F,90
class_629,4,1225,9,11025,M/Tu/W/Th/F,90
class_630,4,1225,9,11025,M/Tu/W/Th/F,90
class_631,4,1225,9,11025,M/Tu/W/Th/F,90
class_632,4,1225,9,11025,M/Tu/W/Th/F,90
class_633,4,1225,9,11025,M/Tu/W/Th/F,90
class_634,4,1225,9,11025,M/Tu/W/Th/F,90
class_635,4,1225,9,11025,M/Tu/W/Th/F,90
class_636,4,1225,9,11025,M/Tu/W/Th/F,90
class_637,4,1225,9,11025,M/Tu/W/Th/F,90
class_638,4,1225,9,11025,M/Tu/W/Th/F,90
class_639,4,1225,9,11025,M/Tu/W/Th/F,90
class_640,4,1225,9,11025,M/Tu/W/Th/F,90
class_641,4,1225,9,11025,M/Tu/W/Th/F,90
class_642,4,1225,9,11025,M/Tu/W/Th/F,90
class_643,4,1225,9,11025,M/Tu/W/Th/F,90
class_644,4,1225,9,11025,M/Tu/W/Th/F,90
class_645,4,1225,9,11025,M/Tu/W/Th/F,90
class_646,4,1225,9,11025,M/Tu/W/Th/F,90
class_647,4,1225,9,11025,M/Tu/W/Th/F,90
class_648,4,1225,9,11025,M/Tu/W/Th/F,90
class_649,4,1225,9,11025,M/Tu/W/Th/F,90
class_650,4,1225,9,11025,M/Tu/W/Th/F,90
class_651,4,1225,9,11025,M/Tu/W/Th/F,90
class_652,4,1225,9,11025,M/Tu/W/Th/F,90
class_653,4,1225,9,11025,M/Tu/W/Th/F,90
class_654,4,1225,9,11025,M/Tu/W/Th/F,90
class_655,4,1225,9,11025,M/Tu/W/Th/F,90
class_656,4,1225,9,11025,M/Tu/W/Th/F,90
class_657,4,1225,9,11025,M/Tu/W/Th/F,90
class_658,4,1225,9,11025,M/Tu/W/Th/F,90
class_659,4,1225,9,11025,M/Tu/W/Th/F,90
class_660,4,1225,9,11025,M/Tu/W/Th/F,90
class_661,4,1225,9,11025,M/Tu/W/Th/F,90
class_662,4,1225,9,11025,M/Tu/W/Th/F,90
class_663,4,1225,9,11025,M/Tu/W/Th/F,90
class_664,4,1225,9,11025,M/Tu/W/Th/F,90
class_665,4,1225,9,11025,M/Tu/W/Th/F,90
class_666,4,1225,9,11025,M/Tu/W/Th/F,90
class_667,4,1225,9,11025,M/Tu/W/Th/F,90
class_668,4,1225,9,11025,M/Tu/W/Th/F,90
class_669,4,1225,9,11025,M/Tu/W/Th/F,90
class_670,4,1225,9,11025,M/Tu/W/Th/F,90
class_671,4,1225,9,11025,M/Tu/W/Th/F,90
class_672,4,1225,9,11025,M/Tu/W/Th/F,90
class_673,4,1225,9,11025,M/Tu/W/Th/F,90
class_674,4,1225,9,11025,M/Tu/W/Th/F,90
class_675,4,1225,9,11025,M/Tu/W/Th/F,90
class_676,4,1225,9,11025,M/Tu/W/Th/F,90
class_677,4,1225,9,11025,M/Tu/W/Th/F,90
class_678,4,1225,9,11025,M/Tu/W/Th/F,90
class_679,4,1225,9,11025,M/Tu/W/Th/F,90
class_680,4,1225,9,11025,M/Tu/W/Th/F,90
class_681,4,1225,9,11025,M/Tu/W/Th/F,90
class_682,4,1225,9,11025,M/Tu/W/Th/F,90
class_683,4,1225,9,11025,M/Tu/W/Th/F,90
class_684,4,1225,9,11025,M/Tu/W/Th/F,90
class_685,4,1225,9,11025,M/Tu/W/Th/F,90
class_686,4,1225,9,11025,M/Tu/W/Th/F,90
class_687,4,1225,9,11025,M/Tu/W/Th/F,90
class_688,4,1225,9,11025,M/Tu/W/Th/F,90
class_689,4,1225,9,11025,M/Tu/W/Th/F,90
class_690,4,1225,9,11025,M/Tu/W/Th/F,90
class_691,4,1225,9,11025,M/Tu/W/Th/F,90
class_692,4,1225,9,11025,M/Tu/W/Th/F,90
class_693,4,1225,9,11025,M/Tu/W/Th/F,90
class_694,4,1225,9,11025,M/Tu/W/Th/F,90
class_695,4,1225,9,11025,M/Tu/W/Th/F,90
class_696,4,1225,9,11025,M/Tu/W/Th/F,90
class_697,4,1225,9,11025,M/Tu/W/Th/F,90
class_698,4,1225,9,11025,M/Tu/W/Th/F,90
class_699,4,1225,9,11025,M/Tu/W/Th/F,90
class_700,4,1225,9,11025,M/Tu/W/Th/F,90
class_701,4,1225,9,11025,M/Tu/W/Th/F,90
class_702,4,1225,9,11025,M/Tu/W/Th/F,90
class_703,4,1225,9,11025,M/Tu/W/Th/F,90
class_704,4,1225,9,11025,M/Tu/W/Th/F,90
class_705,4,1225,9,11025,M/Tu/W/Th/F,90
class_706,4,1225,9,11025,M/Tu/W/Th/F,90
class_707,4,1225,9,11025,M/Tu/W/Th/F,90
class_708,4,1225,9,11025,M/Tu/W/Th/F,90
class_709,4,1225,9,11025,M/Tu/W/Th/F,90
class_710,4,1225,9,11025,M/Tu/W/Th/F,90
class_711,4,1225,9,11025,M/Tu/W/Th/F,90
class_712,4,1225,9,11025,M/Tu/W/Th/F,90
class_713,4,1225,9,11025,M/Tu/W/Th/F,90
class_714,4,1225,9,11025,M/Tu/W/Th/F,90
class_715,4,1225,9,11025,M/Tu/W/Th/F,90
class_716,4,1225,9,11025,M/Tu/W/Th/F,90
class_717,4,1225,9,11025,M/Tu/W/Th/F,90
class_718,4,1225,9,11025,M/Tu/W/Th/F,90
class_719,4,1225,9,11025,M/Tu/W/Th/F,90
class_720,4,1225,9,11025,M/Tu/W/Th/F,90
class_721,4,1225,9,11025,M/Tu/W/Th/F,90
class_722,4,1225,9,11025,M/Tu/W/Th/F,90
class_723,4,1225,9,11025,M/Tu/W/Th/F,90
class_724,4,1225,9,11025,M/Tu/W/Th/F,90
class_725,4,1225,9,11025,M/Tu/W/Th/F,90
class_726,4,1225,9,11025,M/Tu/W/Th/F,90
class_727,4,1225,9,11025,M/Tu/W/Th/F,90
class_728,4,1225,9,11025,M/Tu/W/Th/F,90
class_729,4,1225,9,11025,M/Tu/W/Th/F,90
class_730,4,1225,9,11025,M/Tu/W/Th/F,90
class_731,4,1225,9,11025,M/Tu/W/Th/F,90
class_732,4,1225,9,11025,M/Tu/W/Th/F,90
class_733,4,1225,9,11025,M/Tu/W/Th/F,90
class_734,4,1225,9,11025,M/Tu/W/Th/F,90
class_735,4,1225,9,11025,M/Tu/W/Th/F,90
class_736,4,1225,9,11025,M/Tu/W/Th/F,90
class_737,4,1225,9,11025,M/Tu/W/Th/F,90
class_738,4,1225,9,11025,M/Tu/W/Th/F,90
class_739,4,1225,9,11025,M/Tu/W/Th/F,90
class_740,4,1225,9,11025,M/Tu/W/Th/F,90
class_741,4,1225,9,11025,M/Tu/W/Th/F,90
class_742,4,1225,9,11025,M/Tu/W/Th/F,90
class_743,4,1225,9,11025,M/Tu/W/Th/F,90
class_744,4,1225,9,11025,M/Tu/W/Th/F,90
class_745,4,1225,9,11025,M/Tu/W/Th/F,90
class_746,4,1225,9,11025,M/Tu/W/Th/F,90
class_747,4,1225,9,11025,M/Tu/W/Th/F,90
class_748,4,1225,9,11025,M/Tu/W/Th/F,90
class_749,4,1225,9,11025,M/Tu/W/Th/F,90
class_750,4,1225,9,11025,M/Tu/W/Th/F,90
class_751,4,1225,9,11025,M/Tu/W/Th/F,90
class_752,4,1225,9,11025,M/Tu/W/Th/F,90
class_753,4,1225,9,11025,M/Tu/W/Th/F,90
class_754,4,1225,9,11025,M/Tu/W/Th/F,90
class_755,4,1225,9,11025,M/Tu/W/Th/F,90
class_756,4,1225,9,11025,M/Tu/W/Th/F,90
class_757,4,1225,9,11025,M/Tu/W/Th/F,90
class_758,4,1225,9,11025,M/Tu/W/Th/F,90
class_759,4,1225,9,11025,M/Tu/W/Th/F,90
class_760,4,1225,9,11025,M/Tu/W/Th/F,90
class_761,4,1225,9,11025,M/Tu/W/Th/F,90
class_762,4,1225,9,11025,M/Tu/W/Th/F,90
class_763,4,1225,9,11025,M/Tu/W/Th/F,90
class_764,4,1225,9,11025,M/Tu/W/Th/F,90
class_765,4,1225,9,11025,M/Tu/W/Th/F,90
class_766,4,1225,9,11025,M/Tu/W/Th/F,90
class_767,4,1225,9,11025,M/Tu/W/Th/F,90
class_768,4,1225,9,11025,M/Tu/W/Th/F,90
class_769,4,1225,9,11025,M/Tu/W/Th/F,90
class_770,4,1225,9,11025,M/Tu/W/Th/F,90
class_771,4,1225,9,11025,M/Tu/W/Th/F,90
class_772,4,1225,9,11025,M/Tu/W/Th/F,90
class_773,4,1225,9,11025,M/Tu/W/Th/F,90
class_774,4,1225,9,11025,M/Tu/W/Th/F,90
class_775,4,1225,9,11025,M/Tu/W/Th/F,90
class_776,4,1225,9,11025,M/Tu/W/Th/F,90
class_777,4,1225,9,11025,M/Tu/W/Th/F,90
class_778,4,1225,9,11025,M/Tu/W/Th/F,90
class_779,4,1225,9,11025,M/Tu/W/Th/F,90
class_780,4,1225,9,11025,M/Tu/W/Th/F,90
class_781,4,1225,9,11025,M/Tu/W/Th/F,90
class_782,4,1225,9,11025,M/Tu/W/Th/F,90
class_783,4,1225,9,11025,M/Tu/W/Th/F,90
class_784,4,1225,9,11025,M/Tu/W/Th/F,90
class_785,4,1225,9,11025,M/Tu/W/Th/F,90
class_786,4,1225,9,11025,M/Tu/W/Th/F,90
class_787,4,1225,9,11025,M/Tu/W/Th/F,90
class_788,4,1225,9,11025,M/Tu/W/Th/F,90
class_789,4,1225,9,11025,M/Tu/W/Th/F,90
class_790,4,1225,9,11025,M/Tu/W/Th/F,90
class_791,4,1225,9,11025,M/Tu/W/Th/F,90
class_792,4,1225,9,11025,M/Tu/W/Th/F,90
class_793,4,1225,9,11025,M/Tu/W/Th/F,90
class_794,4,1225,9,11025,M/Tu/W/Th/F,90
class_795,4,1225,9,11025,M/Tu/W/Th/F,90
class_796,4,1225,9,11025,M/Tu/W/Th/F,90
class_797,4,1225,9,11025,M/Tu/W/Th/F,90
class_798,4,1225,9,11025,M/Tu/W/Th/F,90
class_799,4,1225,9,11025,M/Tu/W/Th/F,90
class_800,4,1225,9,11025,M/Tu/W/Th/F,90
class_801,4,1225,9,11025,M/Tu/W/Th/F,90
class_802,4,1225,9,11025,M/Tu/W/Th/F,90
class_803,4,1225,9,11025,M/Tu/W/Th/F,90
class_804,4,1225,9,11025,M/Tu/W/Th/F,90
class_805,4,1225,9,11025,M/Tu/W/Th/F,90
class_806,4,1225,9,11025,M/Tu/W/Th/F,90
class_807,4,1225,9,11025,M/Tu/W/Th/F,90
class_808,4,1225,9,11025,M/Tu/W/Th/F,90
class_809,4,1225,9,11025,M/Tu/W/Th/F,90
class_810,4,1225,9,11025,M/Tu/W/Th/F,90
class_811,4,1225,9,11025,M/Tu/W/Th/F,90
class_812,4,1225,9,11025,M/Tu/W/Th/F,90
class_813,4,1225,9,11025,M/Tu/W/Th/F,90
class_814,4,1225,9,11025,M/Tu/W/Th/F,90
class_815,4,1225,9,11025,M/Tu/W/Th/F,90
class_816,4,1225,9,11025,M/Tu/W/Th/F,90
class_817,4,1225,9,11025,M/Tu/W/Th/F,90
class_818,4,1225,9,11025,M/Tu/W/Th/F,90
class_819,4,1225,9,11025,M/Tu/W/Th/F,90
class_820,4,1225,9,11025,M/Tu/W/Th/F,90
class_821,4,1225,9,11025,M/Tu/W/Th/F,90
class_822,4,1225,9,11025,M/Tu/W/Th/F,90
class_823,4,1225,9,11025,M/Tu/W/Th/F,90
class_824,4,1225,9,11025,M/Tu/W/Th/F,90
class_825,4,1225,9,11025,M/Tu/W/Th/F,90
class_826,4,1225,9,11025,M/Tu/W/Th/F,90
class_827,4,1225,9,11025,M/Tu/W/Th/F,90
class_828,4,1225,9,11025,M/Tu/W/Th/F,90
class_829,4,1225,9,11025,M/Tu/W/Th/F,90
class_830,4,1225,9,11025,M/Tu/W/Th/F,90
class_831,4,1225,9,11025,M/Tu/W/Th/F,90
class_832,4,1225,9,11025,M/Tu/W/Th/F,90
class_833,4,1225,9,11025,M/Tu/W/Th/F,90
class_834,4,1225,9,11025,M/Tu/W/Th/F,90
class_835,4,1225,9,11025,M/Tu/W/Th/F,90
class_836,4,1225,9,11025,M/Tu/W/Th/F,90
class_837,4,1225,9,11025,M/Tu/W/Th/F,90
class_838,4,1225,9,11025,M/Tu/W/Th/F,90
class_839,4,1225,9,11025,M/Tu/W/Th/F,90
class_840,4,1225,9,11025,M/Tu/W/Th/F,90
class_841,4,1225,9,11025,M/Tu/W/Th/F,90
class_842,4,1225,9,11025,M/Tu/W/Th/F,90
class_843,4,1225,9,11025,M/Tu/W/Th/F,90
class_844,4,1225,9,11025,M/Tu/W/Th/F,90
class_845,4,1225,9,11025,M/Tu/W/Th/F,90
class_846,4,1225,9,11025,M/Tu/W/Th/F,90
class_847,4,1225,9,11025,M/Tu/W/Th/F,90
class_848,4,1225,9,11025,M/Tu/W/Th/F,90
class_849,4,1225,9,11025,M/Tu/W/Th/F,90
class_850,4,1225,9,11025,M/Tu/W/Th/F,90
class_851,4,1225,9,11025,M/Tu/W/Th/F,90
class_852,4,1225,9,11025,M/Tu/W/Th/F,90
class_853,4,1225,9,11025,M/Tu/W/Th/F,90
class_854,4,1225,9,11025,M/Tu/W/Th/F,90
class_855,4,1225,9,11025,M/Tu/W/Th/F,90
class_856,4,1225,9,11025,M/Tu/W/Th/F,90
class_857,4,1225,9,11025,M/Tu/W/Th/F,90
class_858,4,1225,9,11025,M/Tu/W/Th/F,90
class_859,4,1225,9,11025,M/Tu/W/Th/F,90
class_860,4,1225,9,11025,M/Tu/W/Th/F,90
class_861,4,1225,9,11025,M/Tu/W/Th/F,90
class_862,4,1225,9,11025,M/Tu/W/Th/F,90
class_863,4,1225,9,11025,M/Tu/W/Th/F,90
class_864,4,1225,9,11025,M/Tu/W/Th/F,90
class_865,4,1225,9,11025,M/Tu/W/Th/F,90
class_866,4,1225,9,11025,M/Tu/W/Th/F,90
class_867,4,1225,9,11025,M/Tu/W/Th/F,90
class_868,4,1225,9,11025,M/Tu/W/Th/F,90
class_869,4,1225,9,11025,M/Tu/W/Th/F,90
class_870,4,1225,9,11025,M/Tu/W/Th/F,90
class_871,4,1225,9,11025,M/Tu/W/Th/F,90
class_872,4,1225,9,11025,M/Tu/W/Th/F,90
class_873,4,1225,9,11025,M/Tu/W/Th/F,90
class_874,4,1225,9,11025,M/Tu/W/Th/F,90
class_875,4,1225,9,11025,M/Tu/W/Th/F,90
class_876,4,1225,9,11025,M/Tu/W/Th/F,90
class_877,4,1225,9,11025,M/Tu/W/Th/F,90
class_878,4,1225,9,11025,M/Tu/W/Th/F,90
class_879,4,1225,9,11025,M/Tu/W/Th/F,90
class_880,4,1225,9,11025,M/Tu/W/Th/F,90
class_881,4,1225,9,11025,M/Tu/W/Th/F,90
class_882,4,1225,9,11025,M/Tu/W/Th/F,90
class_883,4,1225,9,11025,M/Tu/W/Th/F,90
class_884,4,1225,9,11025,M/Tu/W/Th/F,90
class_885,4,1225,9,11025,M/Tu/W/Th/F,90
class_886,4,1225,9,11025,M/Tu/W/Th/F,90
class_887,4,1225,9,11025,M/Tu/W/Th/F,90
class_888,4,1225,9,11025,M/Tu/W/Th/F,90
class_889,4,1225,9,11025,M/Tu/W/Th/F,90
class_890,4,1225,9,11025,M/Tu/W/Th/F,90
class_891,4,1225,9,11025,M/Tu/W/Th/F,90
class_892,4,1225,9,11025,M/Tu/W/Th/F,90
class_893,4,1225,9,11025,M/Tu/W/Th/F,90
class_894,4,1225,9,11025,M/Tu/W/Th/F,90
class_895,4,1225,9,11025,M/Tu/W/Th/F,90
class_896,4,1225,9,11025,M/Tu/W/Th/F,90
class_897,4,1225,9,11025,M/Tu/W/Th/F,90
class_898,4,1225,9,11025,M/Tu/W/Th/F,90
class_899,4,1225,9,11025,M/Tu/W/Th/F,90
class_900,4,1225,9,11025,M/Tu/W/Th/F,90
class_901,4,1225,9,11025,M/Tu/W/Th/F,90
class_902,4,1225,9,11025,M/Tu/W/Th/F,90
class_903,4,1225,9,11025,M/Tu/W/Th/F,90
class_904,4,1225,9,11025,M/Tu/W/Th/F,90
class_905,4,1225,9,11025,M/Tu/W/Th/F,90
class_906,4,1225,9,11025,M/Tu/W/Th/F,90
class_907,4,1225,9,11025,M/Tu/W/Th/F,90
class_908,4,1225,9,11025,M/Tu/W/Th/F,90
class_909,4,1225,9,11025,M/Tu/W/Th/F,90
class_910,4,1225,9,11025,M/Tu/W/Th/F,90
class_911,4,1225,9,11025,M/Tu/W/Th/F,90
class_912,4,1225,9,11025,M/Tu/W/Th/F,90
class_913,4,1225,9,11025,M/Tu/W/Th/F,90
class_914,4,1225,9,11025,M/Tu/W/Th/F,90
class_915,4,1225,9,11025,M/Tu/W/Th/F,90
class_916,4,1225,9,11025,M/Tu/W/Th/F,90
class_917,4,1225,9,11025,M/Tu/W/Th/F,90
class_918,4,1225,9,11025,M/Tu/W/Th/F,90
class_919,4,1225,9,11025,M/Tu/W/Th/F,90
class_920,4,1225,9,11025,M/Tu/W/Th/F,90
class_921,4,1225,9,11025,M/Tu/W/Th/F,90
class_922,4,1225,9,11025,M/Tu/W/Th/F,90
class_923,4,1225,9,11025,M/Tu/W/Th/F,90
class_924,4,1225,9,11025,M/Tu/W/Th/F,90
class_925,4,1225,9,11025,M/Tu/W/Th/F,90
class_926,4,1225,9,11025,M/Tu/W/Th/F,90
class_927,4,1225,9,11025,M/Tu/W/Th/F,90
class_928,4,1225,9,11025,M/Tu/W/Th/F,90
class_929,4,1225,9,11025,M/Tu/W/Th/F,90
class_930,4,1225,9,11025,M/Tu/W/Th/F,90
class_931,4,1225,9,11025,M/Tu/W/Th/F,90
class_932,4,1225,9,11025,M/Tu/W/Th/F,90
class_933,4,1225,9,11025,M/Tu/W/Th/F,90
class_934,4,1225,9,11025,M/Tu/W/Th/F,90
class_935,4,1225,9,11025,M/Tu/W/Th/F,90
class_936,4,1225,9,11025,M/Tu/W/Th/F,90
class_937,4,1225,9,11025,M/Tu/W/Th/F,90
class_938,4,1225,9,11025,M/Tu/W/Th/F,90
class_939,4,1225,9,11025,M/Tu/W/Th/F,90
class_940,4,1225,9,11025,M/Tu/W/Th/F,90
class_941,4,1225,9,11025,M/Tu/W/Th/F,90
class_942,4,1225,9,11025,M/Tu/W/Th/F,90
class_943,4,1225,9,11025,M/Tu/W/Th/F,90
class_944,4,1225,9,11025,M/Tu/W/Th/F,90
class_945,4,1225,9,11025,M/Tu/W/Th/F,90
class_946,4,1225,9,11025,M/Tu/W/Th/F,90
class_947,4,1225,9,11025,M/Tu/W/Th/F,90
class_948,4,1225,9,11025,M/Tu/W/Th/F,90
class_949,4,1225,9,11025,M/Tu/W/Th/F,90
class_950,4,1225,9,11025,M/Tu/W/Th/F,90
class_951,4,1225,9,11025,M/Tu/W/Th/F,90
class_952,4,1225,9,11025,M/Tu/W/Th/F,90
class_953,4,1225,9,11025,M/Tu/W/Th/F,90
class_954,4,1225,9,11025,M/Tu/W/Th/F,90
class_955,4,1225,9,11025,M/Tu/W/Th/F,90
class_956,4,1225,9,11025,M/Tu/W/Th/F,90
class_957,4,1225,9,11025,M/Tu/W/Th/F,90
class_958,4,1225,9,11025,M/Tu/W/Th/F,90
class_959,4,1225,9,11025,M/Tu/W/Th/F,90
class_960,4,1225,9,11025,M/Tu/W/Th/F,90
class_961,4,1225,9,11025,M/Tu/W/Th/F,90
class_962,4,1225,9,11025,M/Tu/W/Th/F,90
class_963,4,1225,9,11025,M/Tu/W/Th/F,90
class_964,4,1225,9,11025,M/Tu/W/Th/F,90
class_965,4,1225,9,11025,M/Tu/W/Th/F,90
class_966,4,1225,9,11025,M/Tu/W/Th/F,90
class_967,4,1225,9,11025,M/Tu/W/Th/F,90
class_968,4,1225,9,11025,M/Tu/W/Th/F,90
class_969,4,1225,9,11025,M/Tu/W/Th/F,90
class_970,4,1225,9,11025,M/Tu/W/Th/F,90
class_971,4,1225,9,11025,M/Tu/W/Th/F,90
class_972,4,1225,9,11025,M/Tu/W/Th/F,90
class_973,4,1225,9,11025,M/Tu/W/Th/F,90
class_974,4,1225,9,11025,M/Tu/W/Th/F,90
class_975,4,1225,9,11025,M/Tu/W/Th/F,90
class_976,4,1225,9,11025,M/Tu/W/Th/F,90
class_977,4,1225,9,11025,M/Tu/W/Th/F,90
class_978,4,1225,9,11025,M/Tu/W/Th/F,90
class_979,4,1225,9,11025,M/Tu/W/Th/F,90
class_980,4,1225,9,11025,M/Tu/W/Th/F,90
class_981,4,1225,9,11025,M/Tu/W/Th/F,90
class_982,4,1225,9,11025,M/Tu/W/Th/F,90
class_983,4,1225,9,11025,M/Tu/W/Th/F,90
class_984,4,1225,9,11025,M/Tu/W/Th/F,90
class_985,4,1225,9,11025,M/Tu/W/Th/F,90
class_986,4,1225,9,11025,M/Tu/W/Th/F,90
class_987,4,1225,9,11025,M/Tu/W/Th/F,90
class_988,4,1225,9,11025,M/Tu/W/Th/F,90
class_989,4,1225,9,11025,M/Tu/W/Th/F,90
class_990,4,1225,9,11025,M/Tu/W/Th/F,90
class_991,4,1225,9,11025,M/Tu/W/Th/F,90
class_992,4,1225,9,11025,M/Tu/W/Th/F,90
class_993,4,1225,9,11025,M/Tu/W/Th/F,90
class_994,4,1225,9,11025,M/Tu/W/Th/F,90
class_995,4,1225,9,11025,M/Tu/W/Th/F,90
class_996,4,1225,9,11025,M/Tu/W/Th/F,90
class_997,4,1225,9,11025,M/Tu/W/Th/F,90
class_998,4,1225,9,11025,M/Tu/W/Th/F,90
class_999,4,1225,9,11025,M/Tu/W/Th/F,90
class_1000,4,1225,9,11025,M/Tu/W/Th/F,90